{"smiles": "c1ccc2c(c1c1ncc(c3cnc(c4ncc(cn4)c4c5c(non5)cnc4)nc3)cn1)C(=O)NC2=O", "mol_features": {"fractioncsp3": 0.0, "no_count": 13, "num_aliphatic_rings": 7, "num_h_donors": 1, "num_h_accetors": 2, "num_rotatable_bonds": 4, "num_hetero_atoms": 13, "heavy_atom_count": 38, "ring_count": 7, "nhoh_count": 1, "num_aliphatic_carbocycles": 1, "num_aliphatic_hetercycles": 6, "num_aromatic_carbocycles": 0, "num_aromatic_heterocycles": 0, "num_aromatic_rings": 0}, "3d_coords": [["C", -6.936628, -0.998949, 1.67941], ["C", -8.31746, -1.114059, 1.82702], ["C", -9.184153, -0.552701, 0.88259], ["C", -8.622591, 0.134766, -0.192975], ["C", -7.228875, 0.256433, -0.35357], ["C", -6.351982, -0.327204, 0.584402], ["C", -6.993693, 1.123852, -1.566543], ["N", -8.269036, 1.415366, -2.089161], ["C", -9.297952, 0.863931, -1.313032], ["O", -5.960052, 1.566409, -2.047001], ["O", -10.492987, 0.993081, -1.551012], ["H", -8.421755, 2.003136, -2.904129], ["H", -8.722275, -1.647161, 2.683323], ["H", -6.277357, -1.445583, 2.41976], ["N", 4.106317, -0.535946, -1.235398], ["C", 3.529272, -0.139869, -0.069283], ["N", 4.232857, 0.282503, 1.014603], ["C", 5.568781, 0.304115, 0.927017], ["C", 6.255516, -0.090808, -0.239849], ["C", 5.442061, -0.506149, -1.314027], ["C", 2.05067, -0.168968, 0.024066], ["N", 1.473309, 0.224155, 1.190863], ["C", 0.137079, 0.198588, 1.26793], ["C", -0.674715, -0.224901, 0.196766], ["C", 0.011819, -0.616011, -0.970103], ["N", 1.34711, -0.587856, -1.061679], ["C", -2.147879, -0.256177, 0.291417], ["C", -2.977576, -0.138281, -0.841628], ["N", -4.313594, -0.163711, -0.758401], ["C", -4.872566, -0.291541, 0.469674], ["N", -4.153255, -0.433169, 1.615645], ["C", -2.816202, -0.4137, 1.52096], ["H", -2.250152, -0.542405, 2.451247], ["H", -2.543949, -0.008646, -1.839727], ["H", -0.540965, -0.975115, -1.846606], ["H", -0.315197, 0.539133, 2.207323], ["H", 5.890704, -0.806514, -2.268675], ["H", 6.122166, 0.630076, 1.814277], ["N", 10.501972, 1.604237, 1.223183], ["C", 9.970927, 0.720926, 0.355886], ["C", 8.550249, 0.764166, 0.494615], ["N", 8.257222, 1.677878, 1.438524], ["O", 9.449342, 2.162502, 1.858359], ["C", 7.727366, -0.076001, -0.329827], ["C", 8.427804, -0.889668, -1.216568], ["N", 9.796524, -0.930189, -1.351686], ["C", 10.567243, -0.157717, -0.599903], ["H", 7.876065, -1.576406, -1.865712], ["H", -10.262424, -0.635943, 0.98245], ["H", 11.652898, -0.214004, -0.735715]], "dipole_moments": {"electron": [10.317, 4.986, -0.761], "nucleus": [-9.64, -6.018, 1.202], "total": [0.677, -1.032, 0.442]}, "polarizations": {"electron": [[-42488.343, -469.409, -1115.765], [0.0, -825.508, 34.887], [0.0, 0.0, -1565.88]], "nucleus": [[42323.741, 472.089, 1095.709], [0.0, 665.539, -40.722], [0.0, 0.0, 1407.9]], "total": [[-164.601, 2.68, -20.055], [0.0, -159.969, -5.835], [0.0, 0.0, -157.98]]}, "loewdin": [-0.065, -0.114, -0.067, -0.074, -0.023, -0.06, -0.325, 0.178, -0.334, 0.112, 0.091, 0.201, 0.152, 0.16, 0.16, -0.227, 0.163, -0.125, -0.121, -0.133, -0.229, 0.163, -0.135, -0.123, -0.135, 0.162, -0.125, -0.124, 0.17, -0.213, 0.141, -0.135, 0.148, 0.15, 0.149, 0.148, 0.148, 0.154, 0.059, -0.236, -0.189, 0.04, 0.236, -0.085, -0.142, 0.134, -0.138, 0.15, 0.159, 0.152], "excited_states": {"singlet": [3.522, 3.683, 4.087, 4.243, 4.394, 4.465, 4.813], "triplet": [2.901, 3.559, 3.783, 4.082, 4.205, 4.319, 4.349, 4.589, 4.831]}, "mo_energies": [-528.076, -523.37, -523.275, -395.5, -395.32, -393.977, -393.727, -393.316, -393.215, -393.214, -393.205, -393.156, -393.151, -283.495, -283.475, -282.588, -282.489, -282.477, -282.29, -282.207, -282.075, -281.888, -281.877, -281.839, -281.814, -281.802, -281.8, -281.744, -281.715, -281.279, -281.272, -281.234, -281.215, -281.192, -281.001, -280.891, -280.773, -280.757, -36.777, -32.342, -31.767, -30.758, -30.549, -30.154, -29.968, -29.251, -28.829, -27.868, -27.789, -27.744, -27.566, -27.523, -26.677, -26.355, -25.278, -24.854, -24.687, -24.021, -23.063, -22.465, -22.117, -21.936, -21.723, -21.544, -21.286, -21.052, -20.865, -20.439, -19.915, -19.725, -19.172, -18.67, -18.395, -18.324, -17.897, -17.694, -17.588, -17.293, -17.203, -17.078, -16.821, -16.603, -16.445, -16.296, -16.14, -15.911, -15.713, -15.57, -15.498, -15.48, -15.161, -14.97, -14.907, -14.847, -14.755, -14.735, -14.608, -14.444, -14.323, -14.226, -14.06, -13.665, -13.511, -13.391, -13.126, -12.803, -12.689, -12.12, -12.042, -12.037, -11.651, -11.629, -11.605, -11.586, -11.471, -11.267, -11.184, -10.777, -10.759, -10.605, -10.382, -10.229, -10.12, -10.043, -9.607, -9.523, -9.264]}