{"smiles": "c1ccsc1C1=C2C(=C(NC2=O)c2scc(c2)c2c(c3ncncc3c3c4c(non4)ccc3)ncnc2)C(=O)N1", "mol_features": {"fractioncsp3": 0.0, "no_count": 11, "num_aliphatic_rings": 8, "num_h_donors": 2, "num_h_accetors": 5, "num_rotatable_bonds": 5, "num_hetero_atoms": 13, "heavy_atom_count": 41, "ring_count": 8, "nhoh_count": 2, "num_aliphatic_carbocycles": 1, "num_aliphatic_hetercycles": 7, "num_aromatic_carbocycles": 0, "num_aromatic_heterocycles": 0, "num_aromatic_rings": 0}, "3d_coords": [["C", 8.337069, 0.961062, -0.347267], ["C", 9.728901, 0.800121, -0.577824], ["C", 10.04918, -0.398995, -1.169284], ["S", 8.631603, -1.371769, -1.461009], ["C", 7.589103, -0.130225, -0.768977], ["C", 6.162621, -0.266691, -0.672202], ["N", 5.455952, -1.383374, -1.109204], ["C", 4.065927, -1.243823, -0.886108], ["C", 3.922898, 0.074735, -0.26291], ["C", 5.234072, 0.641122, -0.147607], ["C", 5.090203, 1.955351, 0.485319], ["N", 3.698618, 2.092182, 0.710902], ["C", 2.994121, 0.977487, 0.267221], ["O", 3.231111, -2.108817, -1.184911], ["O", 5.922179, 2.818236, 0.795035], ["C", 1.567803, 0.829243, 0.363236], ["S", 0.514791, 2.031316, 1.104038], ["C", -0.892444, 1.059239, 0.776313], ["C", -0.572006, -0.122195, 0.126877], ["C", 0.83375, -0.253467, -0.095964], ["H", 3.271755, 2.908888, 1.136921], ["H", 5.88187, -2.200723, -1.535092], ["H", 1.303575, -1.098194, -0.595754], ["H", -1.879147, 1.382731, 1.084147], ["H", 11.03744, -0.747189, -1.44154], ["H", 7.881456, 1.836226, 0.109432], ["N", -4.284597, 3.035357, -1.533979], ["C", -3.113451, 2.525054, -1.972762], ["N", -2.63836, 1.301561, -1.670773], ["C", -3.379511, 0.514535, -0.856246], ["C", -4.600893, 0.980412, -0.313412], ["C", -5.013833, 2.265539, -0.710528], ["C", -2.882598, -0.881746, -0.628691], ["C", -1.551169, -1.166299, -0.245304], ["C", -1.193344, -2.525747, -0.185536], ["N", -2.065565, -3.513828, -0.441716], ["C", -3.327158, -3.149872, -0.757689], ["N", -3.765058, -1.880741, -0.865931], ["H", -4.053745, -3.95194, -0.950456], ["H", -2.502078, 3.15437, -2.634975], ["H", -0.172848, -2.813868, 0.088769], ["H", -5.954105, 2.682092, -0.333682], ["N", -8.902518, -0.355847, 1.303821], ["C", -7.599156, -0.537185, 1.587617], ["C", -6.833721, 0.201352, 0.6301], ["N", -7.695711, 0.804388, -0.209424], ["O", -8.929264, 0.453391, 0.220389], ["C", -5.398297, 0.197578, 0.658025], ["C", -4.81748, -0.542312, 1.677067], ["C", -5.584029, -1.273504, 2.632591], ["C", -6.95984, -1.292082, 2.613086], ["H", -5.048127, -1.82918, 3.397589], ["H", -3.73367, -0.5656, 1.767529], ["H", 10.469206, 1.547142, -0.314813], ["H", -7.531778, -1.854296, 3.345447]], "dipole_moments": {"electron": [-5.25, 2.08, -2.872], "nucleus": [7.006, -2.417, 4.059], "total": [1.756, -0.337, 1.187]}, "polarizations": {"electron": [[-32287.598, -259.188, 2471.304], [0.0, -2961.288, -138.159], [0.0, 0.0, -1475.295]], "nucleus": [[32109.118, 256.642, -2490.838], [0.0, 2772.744, 136.986], [0.0, 0.0, 1295.589]], "total": [[-178.48, -2.546, -19.534], [-0.0, -188.544, -1.173], [-0.0, -0.0, -179.706]]}, "loewdin": [-0.114, -0.193, -0.363, 0.7, -0.329, -0.129, 0.198, -0.337, -0.091, -0.092, -0.338, 0.197, -0.132, 0.037, 0.039, -0.322, 0.718, -0.325, -0.16, -0.08, 0.194, 0.194, 0.165, 0.139, 0.133, 0.163, 0.113, -0.242, 0.153, -0.12, -0.083, -0.122, -0.122, -0.086, -0.124, 0.112, -0.245, 0.152, 0.14, 0.141, 0.155, 0.155, 0.043, -0.228, -0.19, 0.04, 0.225, -0.069, -0.076, -0.12, -0.092, 0.153, 0.158, 0.148, 0.156], "excited_states": {"singlet": [2.59, 3.598, 3.923, 4.037, 4.044, 4.146, 4.242, 4.284, 4.42, 4.488, 4.515, 4.563, 4.628, 4.704, 4.778, 4.78, 4.83, 4.864, 4.912, 4.919, 4.969, 5.158, 5.21, 5.298, 5.371, 5.457, 5.509, 5.525, 5.546, 5.566, 5.614, 5.653, 5.752, 5.787, 5.823, 5.938, 5.969, 5.991, 6.082, 6.12, 6.141, 6.171, 6.193, 6.217, 6.242, 6.252, 6.283, 6.291, 6.358, 6.37, 6.392, 6.405, 6.434, 6.472, 6.504, 6.53, 6.571, 6.574, 6.574, 6.602, 6.635, 6.689, 6.729, 6.743, 6.779, 6.783, 6.797, 6.835, 6.864, 6.869, 6.914, 6.941, 6.947, 6.965, 7.017, 7.029, 7.071, 7.073, 7.09, 7.151, 7.169, 7.195, 7.214, 7.248, 7.262, 7.301, 7.307, 7.322, 7.328, 7.345, 7.367, 7.381, 7.409, 7.42, 7.436, 7.46, 7.483, 7.489, 7.51, 7.526, 7.546, 7.549, 7.573, 7.589, 7.612, 7.618, 7.637, 7.642, 7.656, 7.666, 7.689, 7.689, 7.702, 7.733, 7.743, 7.754, 7.763, 7.778, 7.799, 7.826, 7.832, 7.845, 7.851, 7.868, 7.877, 7.891, 7.892, 7.919, 7.941, 7.944, 7.966, 7.972, 7.989, 8.007, 8.015, 8.019, 8.047, 8.05, 8.069, 8.075, 8.101, 8.105, 8.116, 8.126, 8.138, 8.149, 8.172, 8.183, 8.191, 8.194, 8.207, 8.226, 8.236, 8.242, 8.259, 8.262, 8.266, 8.278, 8.284, 8.293, 8.31, 8.325, 8.337, 8.341, 8.358, 8.36, 8.372, 8.376, 8.396, 8.405, 8.42, 8.442, 8.453, 8.456, 8.463, 8.468, 8.475, 8.493, 8.503, 8.519, 8.535, 8.54, 8.553, 8.564, 8.586, 8.59, 8.605, 8.609, 8.627, 8.642, 8.652, 8.656, 8.671, 8.684, 8.706, 8.714, 8.725, 8.737, 8.746, 8.752, 8.774, 8.779, 8.785, 8.787, 8.793, 8.803, 8.809, 8.814, 8.827, 8.831, 8.849, 8.854, 8.863, 8.881, 8.889, 8.896, 8.904, 8.911, 8.921, 8.929, 8.938, 8.945, 8.961, 8.979, 8.979, 8.986, 9.008, 9.014, 9.03, 9.038, 9.049, 9.057, 9.063, 9.077, 9.078, 9.085, 9.106, 9.115, 9.127, 9.136, 9.139, 9.158, 9.17, 9.177, 9.19, 9.195, 9.204, 9.21, 9.213, 9.224, 9.233, 9.239, 9.24, 9.262, 9.287, 9.29, 9.309, 9.314, 9.328, 9.331, 9.335, 9.353, 9.357, 9.365, 9.371, 9.379, 9.386, 9.388, 9.399, 9.404, 9.411, 9.422, 9.424, 9.438, 9.442, 9.446, 9.462, 9.472, 9.477, 9.49, 9.494, 9.521, 9.527, 9.541, 9.55, 9.553, 9.558, 9.565, 9.575, 9.584, 9.593, 9.597, 9.607, 9.609, 9.629, 9.642, 9.644, 9.65, 9.654, 9.666, 9.67, 9.671, 9.676, 9.681, 9.692, 9.695, 9.704, 9.706, 9.721, 9.726, 9.742, 9.749, 9.754, 9.761, 9.767, 9.772, 9.774, 9.787, 9.793, 9.8, 9.81, 9.811, 9.824, 9.831, 9.833, 9.839, 9.846, 9.847, 9.858, 9.861, 9.877, 9.882, 9.889, 9.896, 9.908, 9.916, 9.92, 9.933, 9.935, 9.94, 9.948, 9.95, 9.954, 9.963, 9.972, 9.985, 9.987, 9.999],